Run_Seed,Smart_GTO,Static_GTO,GWO,PSO
seed_100,24,29,35,43
seed_101,21,44,37,51
seed_102,24,32,30,37
seed_103,28,26,30,40
seed_104,20,37,44,39
seed_105,20,25,47,30
seed_106,29,34,37,45
seed_107,25,21,45,45
seed_108,19,25,41,43
seed_109,24,34,33,41
seed_110,19,37,41,30
seed_111,19,34,49,39
seed_112,23,32,38,40
seed_113,13,31,49,36
seed_114,14,24,22,41
seed_115,19,28,44,46
seed_116,17,30,39,59
seed_117,23,39,36,44
seed_118,17,35,39,45
seed_119,15,22,24,42
seed_120,28,34,36,26
seed_121,20,30,40,42
seed_122,22,28,48,43
seed_123,15,36,34,63
seed_124,19,39,32,41
seed_125,22,38,34,45
seed_126,16,27,44,42
seed_127,23,31,40,33
seed_128,19,34,34,52
seed_129,20,38,42,49
